TimeStamp,Target IP,Port,Status
2026-05-04 12:18:00,scanme.nmap.org,53,OPEN
2026-05-04 12:18:00,scanme.nmap.org,443,OPEN
2026-05-04 12:18:00,scanme.nmap.org,80,OPEN
2026-05-04 12:18:00,scanme.nmap.org,383,CLOSED
2026-05-04 12:18:00,scanme.nmap.org,727,CLOSED
2026-05-04 12:18:00,scanme.nmap.org,747,CLOSED
2026-05-04 12:18:00,scanme.nmap.org,719,CLOSED
2026-05-04 12:18:00,scanme.nmap.org,707,CLOSED
2026-05-04 12:18:00,scanme.nmap.org,711,CLOSED
2026-05-04 12:18:00,scanme.nmap.org,731,CLOSED
2026-05-04 12:18:00,scanme.nmap.org,771,CLOSED
2026-05-04 12:18:00,scanme.nmap.org,803,CLOSED
2026-05-04 12:18:00,scanme.nmap.org,759,CLOSED
2026-05-04 12:18:00,scanme.nmap.org,735,CLOSED
2026-05-04 12:18:00,scanme.nmap.org,783,CLOSED
2026-05-04 12:18:00,scanme.nmap.org,755,CLOSED
2026-05-04 12:18:00,scanme.nmap.org,810,CLOSED
2026-05-04 12:18:00,scanme.nmap.org,723,CLOSED
2026-05-04 12:18:00,scanme.nmap.org,779,CLOSED
2026-05-04 12:18:00,scanme.nmap.org,752,CLOSED
2026-05-04 12:18:00,scanme.nmap.org,787,CLOSED
2026-05-04 12:18:00,scanme.nmap.org,795,CLOSED
2026-05-04 12:18:00,scanme.nmap.org,813,CLOSED
2026-05-04 12:18:00,scanme.nmap.org,763,CLOSED
2026-05-04 12:18:00,scanme.nmap.org,791,CLOSED
2026-05-04 12:18:00,scanme.nmap.org,806,CLOSED
2026-05-04 12:18:00,scanme.nmap.org,739,CLOSED
2026-05-04 12:18:00,scanme.nmap.org,767,CLOSED
2026-05-04 12:18:00,scanme.nmap.org,775,CLOSED
2026-05-04 12:18:00,scanme.nmap.org,743,CLOSED
2026-05-04 12:18:00,scanme.nmap.org,799,CLOSED
2026-05-04 12:18:00,scanme.nmap.org,819,CLOSED
2026-05-04 12:18:00,scanme.nmap.org,816,CLOSED
2026-05-04 12:18:00,scanme.nmap.org,823,CLOSED
2026-05-04 12:18:00,scanme.nmap.org,826,CLOSED
2026-05-04 12:18:00,scanme.nmap.org,829,CLOSED
2026-05-04 12:18:00,scanme.nmap.org,833,CLOSED
2026-05-04 12:18:00,scanme.nmap.org,836,CLOSED
2026-05-04 12:18:00,scanme.nmap.org,840,CLOSED
2026-05-04 12:18:00,scanme.nmap.org,843,CLOSED
2026-05-04 12:18:00,scanme.nmap.org,846,CLOSED
2026-05-04 12:18:00,scanme.nmap.org,850,CLOSED
2026-05-04 12:18:00,scanme.nmap.org,853,CLOSED
2026-05-04 12:18:00,scanme.nmap.org,862,CLOSED
2026-05-04 12:18:00,scanme.nmap.org,856,CLOSED
2026-05-04 12:18:00,scanme.nmap.org,858,CLOSED
2026-05-04 12:18:00,scanme.nmap.org,865,CLOSED
2026-05-04 12:18:00,scanme.nmap.org,869,CLOSED
2026-05-04 12:18:00,scanme.nmap.org,873,CLOSED
2026-05-04 12:18:00,scanme.nmap.org,877,CLOSED
2026-05-04 12:18:00,scanme.nmap.org,881,CLOSED
2026-05-04 12:18:00,scanme.nmap.org,884,CLOSED
2026-05-04 12:18:00,scanme.nmap.org,887,CLOSED
2026-05-04 12:18:00,scanme.nmap.org,890,CLOSED
2026-05-04 12:18:00,scanme.nmap.org,893,CLOSED
2026-05-04 12:18:00,scanme.nmap.org,896,CLOSED
2026-05-04 12:18:00,scanme.nmap.org,899,CLOSED
2026-05-04 12:18:00,scanme.nmap.org,903,CLOSED
2026-05-04 12:18:00,scanme.nmap.org,906,CLOSED
2026-05-04 12:18:00,scanme.nmap.org,909,CLOSED
2026-05-04 12:18:00,scanme.nmap.org,912,CLOSED
2026-05-04 12:18:00,scanme.nmap.org,915,CLOSED
2026-05-04 12:18:00,scanme.nmap.org,918,CLOSED
2026-05-04 12:18:00,scanme.nmap.org,921,CLOSED
2026-05-04 12:18:00,scanme.nmap.org,927,CLOSED
2026-05-04 12:18:00,scanme.nmap.org,924,CLOSED
2026-05-04 12:18:00,scanme.nmap.org,930,CLOSED
2026-05-04 12:18:00,scanme.nmap.org,933,CLOSED
2026-05-04 12:18:00,scanme.nmap.org,937,CLOSED
2026-05-04 12:18:00,scanme.nmap.org,940,CLOSED
2026-05-04 12:18:00,scanme.nmap.org,943,CLOSED
2026-05-04 12:18:00,scanme.nmap.org,946,CLOSED
2026-05-04 12:18:00,scanme.nmap.org,949,CLOSED
2026-05-04 12:18:00,scanme.nmap.org,952,CLOSED
2026-05-04 12:18:00,scanme.nmap.org,961,CLOSED
2026-05-04 12:18:00,scanme.nmap.org,955,CLOSED
2026-05-04 12:18:00,scanme.nmap.org,958,CLOSED
2026-05-04 12:18:00,scanme.nmap.org,965,CLOSED
2026-05-04 12:18:00,scanme.nmap.org,969,CLOSED
2026-05-04 12:18:00,scanme.nmap.org,973,CLOSED
2026-05-04 12:18:00,scanme.nmap.org,979,CLOSED
2026-05-04 12:18:00,scanme.nmap.org,976,CLOSED
2026-05-04 12:18:00,scanme.nmap.org,580,CLOSED
2026-05-04 12:18:00,scanme.nmap.org,986,CLOSED
2026-05-04 12:18:00,scanme.nmap.org,990,CLOSED
2026-05-04 12:18:00,scanme.nmap.org,996,CLOSED
2026-05-04 12:18:00,scanme.nmap.org,992,CLOSED
2026-05-04 12:18:00,scanme.nmap.org,999,CLOSED
2026-05-04 12:18:00,scanme.nmap.org,1003,CLOSED
2026-05-04 12:18:00,scanme.nmap.org,1006,CLOSED
2026-05-04 12:18:00,scanme.nmap.org,1009,CLOSED
2026-05-04 12:18:00,scanme.nmap.org,1012,CLOSED
2026-05-04 12:18:00,scanme.nmap.org,1019,CLOSED
2026-05-04 12:18:00,scanme.nmap.org,1015,CLOSED
2026-05-04 12:18:00,scanme.nmap.org,441,CLOSED
2026-05-04 12:18:00,scanme.nmap.org,549,CLOSED
2026-05-04 12:18:00,scanme.nmap.org,175,CLOSED
2026-05-04 12:18:00,scanme.nmap.org,173,CLOSED
2026-05-04 12:18:00,scanme.nmap.org,167,CLOSED
2026-05-04 12:18:00,scanme.nmap.org,1023,CLOSED
2026-05-04 12:18:00,scanme.nmap.org,196,CLOSED
2026-05-04 12:18:00,scanme.nmap.org,476,CLOSED
2026-05-04 12:18:00,scanme.nmap.org,559,CLOSED
2026-05-04 12:18:00,scanme.nmap.org,180,CLOSED
2026-05-04 12:18:00,scanme.nmap.org,182,CLOSED
2026-05-04 12:18:00,scanme.nmap.org,177,CLOSED
2026-05-04 12:18:00,scanme.nmap.org,188,CLOSED
2026-05-04 12:18:00,scanme.nmap.org,186,CLOSED
2026-05-04 12:18:00,scanme.nmap.org,187,CLOSED
2026-05-04 12:18:00,scanme.nmap.org,558,CLOSED
2026-05-04 12:18:00,scanme.nmap.org,552,CLOSED
2026-05-04 12:18:00,scanme.nmap.org,155,CLOSED
2026-05-04 12:18:00,scanme.nmap.org,164,CLOSED
2026-05-04 12:18:00,scanme.nmap.org,156,CLOSED
2026-05-04 12:18:00,scanme.nmap.org,170,CLOSED
2026-05-04 12:18:00,scanme.nmap.org,545,CLOSED
2026-05-04 12:18:00,scanme.nmap.org,179,CLOSED
2026-05-04 12:18:00,scanme.nmap.org,544,CLOSED
2026-05-04 12:18:00,scanme.nmap.org,163,CLOSED
2026-05-04 12:18:00,scanme.nmap.org,162,CLOSED
2026-05-04 12:18:00,scanme.nmap.org,145,CLOSED
2026-05-04 12:18:00,scanme.nmap.org,159,CLOSED
2026-05-04 12:18:00,scanme.nmap.org,153,CLOSED
2026-05-04 12:18:00,scanme.nmap.org,132,CLOSED
2026-05-04 12:18:00,scanme.nmap.org,148,CLOSED
2026-05-04 12:18:00,scanme.nmap.org,531,CLOSED
2026-05-04 12:18:00,scanme.nmap.org,154,CLOSED
2026-05-04 12:18:00,scanme.nmap.org,538,CLOSED
2026-05-04 12:18:00,scanme.nmap.org,472,CLOSED
2026-05-04 12:18:00,scanme.nmap.org,138,CLOSED
2026-05-04 12:18:00,scanme.nmap.org,142,CLOSED
2026-05-04 12:18:00,scanme.nmap.org,534,CLOSED
2026-05-04 12:18:00,scanme.nmap.org,140,CLOSED
2026-05-04 12:18:00,scanme.nmap.org,144,CLOSED
2026-05-04 12:18:00,scanme.nmap.org,136,CLOSED
2026-05-04 12:18:00,scanme.nmap.org,133,CLOSED
2026-05-04 12:18:00,scanme.nmap.org,529,CLOSED
2026-05-04 12:18:00,scanme.nmap.org,128,CLOSED
2026-05-04 12:18:00,scanme.nmap.org,124,CLOSED
2026-05-04 12:18:00,scanme.nmap.org,526,CLOSED
2026-05-04 12:18:00,scanme.nmap.org,123,CLOSED
2026-05-04 12:18:00,scanme.nmap.org,111,CLOSED
2026-05-04 12:18:00,scanme.nmap.org,97,CLOSED
2026-05-04 12:18:00,scanme.nmap.org,115,CLOSED
2026-05-04 12:18:00,scanme.nmap.org,470,CLOSED
2026-05-04 12:18:00,scanme.nmap.org,87,CLOSED
2026-05-04 12:18:00,scanme.nmap.org,121,CLOSED
2026-05-04 12:18:00,scanme.nmap.org,122,CLOSED
2026-05-04 12:18:00,scanme.nmap.org,248,CLOSED
2026-05-04 12:18:00,scanme.nmap.org,107,CLOSED
2026-05-04 12:18:00,scanme.nmap.org,104,CLOSED
2026-05-04 12:18:00,scanme.nmap.org,103,CLOSED
2026-05-04 12:18:00,scanme.nmap.org,523,CLOSED
2026-05-04 12:18:00,scanme.nmap.org,91,CLOSED
2026-05-04 12:18:00,scanme.nmap.org,34,CLOSED
2026-05-04 12:18:00,scanme.nmap.org,100,CLOSED
2026-05-04 12:18:00,scanme.nmap.org,234,CLOSED
2026-05-04 12:18:00,scanme.nmap.org,75,CLOSED
2026-05-04 12:18:00,scanme.nmap.org,509,CLOSED
2026-05-04 12:18:00,scanme.nmap.org,469,CLOSED
2026-05-04 12:18:00,scanme.nmap.org,99,CLOSED
2026-05-04 12:18:00,scanme.nmap.org,93,CLOSED
2026-05-04 12:18:00,scanme.nmap.org,81,CLOSED
2026-05-04 12:18:00,scanme.nmap.org,515,CLOSED
2026-05-04 12:18:00,scanme.nmap.org,70,CLOSED
2026-05-04 12:18:00,scanme.nmap.org,76,CLOSED
2026-05-04 12:18:00,scanme.nmap.org,505,CLOSED
2026-05-04 12:18:00,scanme.nmap.org,514,CLOSED
2026-05-04 12:18:00,scanme.nmap.org,241,CLOSED
2026-05-04 12:18:00,scanme.nmap.org,63,CLOSED
2026-05-04 12:18:00,scanme.nmap.org,82,CLOSED
2026-05-04 12:18:00,scanme.nmap.org,511,CLOSED
2026-05-04 12:18:00,scanme.nmap.org,42,CLOSED
2026-05-04 12:18:00,scanme.nmap.org,61,CLOSED
2026-05-04 12:18:00,scanme.nmap.org,55,CLOSED
2026-05-04 12:18:00,scanme.nmap.org,513,CLOSED
2026-05-04 12:18:00,scanme.nmap.org,56,CLOSED
2026-05-04 12:18:00,scanme.nmap.org,51,CLOSED
2026-05-04 12:18:00,scanme.nmap.org,468,CLOSED
2026-05-04 12:18:00,scanme.nmap.org,57,CLOSED
2026-05-04 12:18:00,scanme.nmap.org,50,CLOSED
2026-05-04 12:18:00,scanme.nmap.org,49,CLOSED
2026-05-04 12:18:00,scanme.nmap.org,43,CLOSED
2026-05-04 12:18:00,scanme.nmap.org,41,CLOSED
2026-05-04 12:18:00,scanme.nmap.org,493,CLOSED
2026-05-04 12:18:00,scanme.nmap.org,44,CLOSED
2026-05-04 12:18:00,scanme.nmap.org,47,CLOSED
2026-05-04 12:18:00,scanme.nmap.org,30,CLOSED
2026-05-04 12:18:00,scanme.nmap.org,37,CLOSED
2026-05-04 12:18:00,scanme.nmap.org,489,CLOSED
2026-05-04 12:18:00,scanme.nmap.org,26,CLOSED
2026-05-04 12:18:00,scanme.nmap.org,495,CLOSED
2026-05-04 12:18:00,scanme.nmap.org,494,CLOSED
2026-05-04 12:18:00,scanme.nmap.org,29,CLOSED
2026-05-04 12:18:00,scanme.nmap.org,16,CLOSED
2026-05-04 12:18:00,scanme.nmap.org,113,CLOSED
2026-05-04 12:18:00,scanme.nmap.org,488,CLOSED
2026-05-04 12:18:00,scanme.nmap.org,486,CLOSED
2026-05-04 12:18:00,scanme.nmap.org,492,CLOSED
2026-05-04 12:18:00,scanme.nmap.org,14,CLOSED
2026-05-04 12:18:00,scanme.nmap.org,467,CLOSED
2026-05-04 12:18:00,scanme.nmap.org,35,CLOSED
2026-05-04 12:18:00,scanme.nmap.org,5,CLOSED
2026-05-04 12:18:00,scanme.nmap.org,490,CLOSED
2026-05-04 12:18:00,scanme.nmap.org,6,CLOSED
2026-05-04 12:18:00,scanme.nmap.org,456,CLOSED
2026-05-04 12:18:00,scanme.nmap.org,449,CLOSED
2026-05-04 12:18:00,scanme.nmap.org,17,CLOSED
2026-05-04 12:18:00,scanme.nmap.org,431,CLOSED
2026-05-04 12:18:00,scanme.nmap.org,11,CLOSED
2026-05-04 12:18:00,scanme.nmap.org,10,CLOSED
2026-05-04 12:18:00,scanme.nmap.org,195,CLOSED
2026-05-04 12:18:00,scanme.nmap.org,4,CLOSED
2026-05-04 12:18:00,scanme.nmap.org,452,CLOSED
2026-05-04 12:18:00,scanme.nmap.org,445,CLOSED
2026-05-04 12:18:00,scanme.nmap.org,436,CLOSED
2026-05-04 12:18:00,scanme.nmap.org,673,CLOSED
2026-05-04 12:18:00,scanme.nmap.org,450,CLOSED
2026-05-04 12:18:00,scanme.nmap.org,560,CLOSED
2026-05-04 12:18:00,scanme.nmap.org,429,CLOSED
2026-05-04 12:18:00,scanme.nmap.org,438,CLOSED
2026-05-04 12:18:00,scanme.nmap.org,458,CLOSED
2026-05-04 12:18:00,scanme.nmap.org,416,CLOSED
2026-05-04 12:18:00,scanme.nmap.org,424,CLOSED
2026-05-04 12:18:00,scanme.nmap.org,427,CLOSED
2026-05-04 12:18:00,scanme.nmap.org,461,CLOSED
2026-05-04 12:18:00,scanme.nmap.org,463,CLOSED
2026-05-04 12:18:00,scanme.nmap.org,410,CLOSED
2026-05-04 12:18:00,scanme.nmap.org,411,CLOSED
2026-05-04 12:18:00,scanme.nmap.org,439,CLOSED
2026-05-04 12:18:00,scanme.nmap.org,401,CLOSED
2026-05-04 12:18:00,scanme.nmap.org,440,CLOSED
2026-05-04 12:18:00,scanme.nmap.org,447,CLOSED
2026-05-04 12:18:00,scanme.nmap.org,425,CLOSED
2026-05-04 12:18:00,scanme.nmap.org,407,CLOSED
2026-05-04 12:18:00,scanme.nmap.org,415,CLOSED
2026-05-04 12:18:00,scanme.nmap.org,420,CLOSED
2026-05-04 12:18:00,scanme.nmap.org,408,CLOSED
2026-05-04 12:18:00,scanme.nmap.org,402,CLOSED
2026-05-04 12:18:00,scanme.nmap.org,395,CLOSED
2026-05-04 12:18:00,scanme.nmap.org,715,CLOSED
2026-05-04 12:18:00,scanme.nmap.org,387,CLOSED
2026-05-04 12:18:00,scanme.nmap.org,413,CLOSED
2026-05-04 12:18:00,scanme.nmap.org,386,CLOSED
2026-05-04 12:18:00,scanme.nmap.org,378,CLOSED
2026-05-04 12:18:00,scanme.nmap.org,393,CLOSED
2026-05-04 12:18:00,scanme.nmap.org,405,CLOSED
2026-05-04 12:18:00,scanme.nmap.org,717,CLOSED
2026-05-04 12:18:00,scanme.nmap.org,403,CLOSED
2026-05-04 12:18:00,scanme.nmap.org,397,CLOSED
2026-05-04 12:18:00,scanme.nmap.org,190,CLOSED
2026-05-04 12:18:00,scanme.nmap.org,376,CLOSED
2026-05-04 12:18:00,scanme.nmap.org,399,CLOSED
2026-05-04 12:18:00,scanme.nmap.org,390,CLOSED
2026-05-04 12:18:00,scanme.nmap.org,391,CLOSED
2026-05-04 12:18:00,scanme.nmap.org,1000,CLOSED
2026-05-04 12:18:00,scanme.nmap.org,368,CLOSED
2026-05-04 12:18:00,scanme.nmap.org,366,CLOSED
2026-05-04 12:18:00,scanme.nmap.org,374,CLOSED
2026-05-04 12:18:00,scanme.nmap.org,365,CLOSED
2026-05-04 12:18:00,scanme.nmap.org,371,CLOSED
2026-05-04 12:18:00,scanme.nmap.org,684,CLOSED
2026-05-04 12:18:00,scanme.nmap.org,340,CLOSED
2026-05-04 12:18:00,scanme.nmap.org,351,CLOSED
2026-05-04 12:18:00,scanme.nmap.org,375,CLOSED
2026-05-04 12:18:00,scanme.nmap.org,479,CLOSED
2026-05-04 12:18:00,scanme.nmap.org,358,CLOSED
2026-05-04 12:18:00,scanme.nmap.org,370,CLOSED
2026-05-04 12:18:00,scanme.nmap.org,344,CLOSED
2026-05-04 12:18:00,scanme.nmap.org,648,CLOSED
2026-05-04 12:18:00,scanme.nmap.org,679,CLOSED
2026-05-04 12:18:00,scanme.nmap.org,338,CLOSED
2026-05-04 12:18:00,scanme.nmap.org,354,CLOSED
2026-05-04 12:18:00,scanme.nmap.org,328,CLOSED
2026-05-04 12:18:00,scanme.nmap.org,577,CLOSED
2026-05-04 12:18:00,scanme.nmap.org,677,CLOSED
2026-05-04 12:18:00,scanme.nmap.org,363,CLOSED
2026-05-04 12:18:00,scanme.nmap.org,347,CLOSED
2026-05-04 12:18:00,scanme.nmap.org,639,CLOSED
2026-05-04 12:18:00,scanme.nmap.org,314,CLOSED
2026-05-04 12:18:00,scanme.nmap.org,323,CLOSED
2026-05-04 12:18:00,scanme.nmap.org,341,CLOSED
2026-05-04 12:18:00,scanme.nmap.org,325,CLOSED
2026-05-04 12:18:00,scanme.nmap.org,574,CLOSED
2026-05-04 12:18:00,scanme.nmap.org,321,CLOSED
2026-05-04 12:18:00,scanme.nmap.org,319,CLOSED
2026-05-04 12:18:00,scanme.nmap.org,671,CLOSED
2026-05-04 12:18:00,scanme.nmap.org,333,CLOSED
2026-05-04 12:18:00,scanme.nmap.org,596,CLOSED
2026-05-04 12:18:00,scanme.nmap.org,330,CLOSED
2026-05-04 12:18:00,scanme.nmap.org,317,CLOSED
2026-05-04 12:18:00,scanme.nmap.org,313,CLOSED
2026-05-04 12:18:00,scanme.nmap.org,322,CLOSED
2026-05-04 12:18:00,scanme.nmap.org,578,CLOSED
2026-05-04 12:18:00,scanme.nmap.org,304,CLOSED
2026-05-04 12:18:00,scanme.nmap.org,295,CLOSED
2026-05-04 12:18:00,scanme.nmap.org,281,CLOSED
2026-05-04 12:18:00,scanme.nmap.org,309,CLOSED
2026-05-04 12:18:00,scanme.nmap.org,310,CLOSED
2026-05-04 12:18:00,scanme.nmap.org,286,CLOSED
2026-05-04 12:18:00,scanme.nmap.org,274,CLOSED
2026-05-04 12:18:00,scanme.nmap.org,279,CLOSED
2026-05-04 12:18:00,scanme.nmap.org,583,CLOSED
2026-05-04 12:18:00,scanme.nmap.org,264,CLOSED
2026-05-04 12:18:00,scanme.nmap.org,306,CLOSED
2026-05-04 12:18:00,scanme.nmap.org,584,CLOSED
2026-05-04 12:18:00,scanme.nmap.org,301,CLOSED
2026-05-04 12:18:00,scanme.nmap.org,292,CLOSED
2026-05-04 12:18:00,scanme.nmap.org,271,CLOSED
2026-05-04 12:18:00,scanme.nmap.org,119,CLOSED
2026-05-04 12:18:00,scanme.nmap.org,285,CLOSED
2026-05-04 12:18:00,scanme.nmap.org,283,CLOSED
2026-05-04 12:18:00,scanme.nmap.org,269,CLOSED
2026-05-04 12:18:00,scanme.nmap.org,564,CLOSED
2026-05-04 12:18:00,scanme.nmap.org,477,CLOSED
2026-05-04 12:18:00,scanme.nmap.org,290,CLOSED
2026-05-04 12:18:00,scanme.nmap.org,247,CLOSED
2026-05-04 12:18:00,scanme.nmap.org,257,CLOSED
2026-05-04 12:18:00,scanme.nmap.org,278,CLOSED
2026-05-04 12:18:00,scanme.nmap.org,566,CLOSED
2026-05-04 12:18:00,scanme.nmap.org,249,CLOSED
2026-05-04 12:18:00,scanme.nmap.org,263,CLOSED
2026-05-04 12:18:00,scanme.nmap.org,261,CLOSED
2026-05-04 12:18:00,scanme.nmap.org,252,CLOSED
2026-05-04 12:18:00,scanme.nmap.org,223,CLOSED
2026-05-04 12:18:00,scanme.nmap.org,236,CLOSED
2026-05-04 12:18:00,scanme.nmap.org,256,CLOSED
2026-05-04 12:18:00,scanme.nmap.org,244,CLOSED
2026-05-04 12:18:00,scanme.nmap.org,95,CLOSED
2026-05-04 12:18:00,scanme.nmap.org,218,CLOSED
2026-05-04 12:18:00,scanme.nmap.org,240,CLOSED
2026-05-04 12:18:00,scanme.nmap.org,229,CLOSED
2026-05-04 12:18:00,scanme.nmap.org,242,CLOSED
2026-05-04 12:18:00,scanme.nmap.org,214,CLOSED
2026-05-04 12:18:00,scanme.nmap.org,245,CLOSED
2026-05-04 12:18:00,scanme.nmap.org,233,CLOSED
2026-05-04 12:18:00,scanme.nmap.org,227,CLOSED
2026-05-04 12:18:00,scanme.nmap.org,40,CLOSED
2026-05-04 12:18:00,scanme.nmap.org,221,CLOSED
2026-05-04 12:18:00,scanme.nmap.org,891,CLOSED
2026-05-04 12:18:00,scanme.nmap.org,213,CLOSED
2026-05-04 12:18:00,scanme.nmap.org,220,CLOSED
2026-05-04 12:18:00,scanme.nmap.org,232,CLOSED
2026-05-04 12:18:00,scanme.nmap.org,209,CLOSED
2026-05-04 12:18:00,scanme.nmap.org,659,CLOSED
2026-05-04 12:18:00,scanme.nmap.org,205,CLOSED
2026-05-04 12:18:00,scanme.nmap.org,606,CLOSED
2026-05-04 12:18:00,scanme.nmap.org,210,CLOSED
2026-05-04 12:18:00,scanme.nmap.org,201,CLOSED
2026-05-04 12:18:00,scanme.nmap.org,600,CLOSED
2026-05-04 12:18:00,scanme.nmap.org,484,CLOSED
2026-05-04 12:18:00,scanme.nmap.org,200,CLOSED
2026-05-04 12:18:00,scanme.nmap.org,496,CLOSED
2026-05-04 12:18:00,scanme.nmap.org,206,CLOSED
2026-05-04 12:18:00,scanme.nmap.org,554,CLOSED
2026-05-04 12:18:00,scanme.nmap.org,593,CLOSED
2026-05-04 12:18:00,scanme.nmap.org,548,CLOSED
2026-05-04 12:18:00,scanme.nmap.org,608,CLOSED
2026-05-04 12:18:00,scanme.nmap.org,653,CLOSED
2026-05-04 12:18:00,scanme.nmap.org,599,CLOSED
2026-05-04 12:18:00,scanme.nmap.org,116,CLOSED
2026-05-04 12:18:00,scanme.nmap.org,536,CLOSED
2026-05-04 12:18:00,scanme.nmap.org,656,CLOSED
2026-05-04 12:18:00,scanme.nmap.org,507,CLOSED
2026-05-04 12:18:00,scanme.nmap.org,651,CLOSED
2026-05-04 12:18:00,scanme.nmap.org,631,CLOSED
2026-05-04 12:18:00,scanme.nmap.org,542,CLOSED
2026-05-04 12:18:00,scanme.nmap.org,191,CLOSED
2026-05-04 12:18:00,scanme.nmap.org,664,CLOSED
2026-05-04 12:18:00,scanme.nmap.org,501,CLOSED
2026-05-04 12:18:00,scanme.nmap.org,629,CLOSED
2026-05-04 12:18:00,scanme.nmap.org,530,CLOSED
2026-05-04 12:18:00,scanme.nmap.org,235,CLOSED
2026-05-04 12:18:00,scanme.nmap.org,575,CLOSED
2026-05-04 12:18:00,scanme.nmap.org,208,CLOSED
2026-05-04 12:18:00,scanme.nmap.org,267,CLOSED
2026-05-04 12:18:00,scanme.nmap.org,644,CLOSED
2026-05-04 12:18:00,scanme.nmap.org,588,CLOSED
2026-05-04 12:18:00,scanme.nmap.org,637,CLOSED
2026-05-04 12:18:00,scanme.nmap.org,652,CLOSED
2026-05-04 12:18:00,scanme.nmap.org,585,CLOSED
2026-05-04 12:18:00,scanme.nmap.org,251,CLOSED
2026-05-04 12:18:00,scanme.nmap.org,329,CLOSED
2026-05-04 12:18:00,scanme.nmap.org,573,CLOSED
2026-05-04 12:18:00,scanme.nmap.org,638,CLOSED
2026-05-04 12:18:00,scanme.nmap.org,343,CLOSED
2026-05-04 12:18:00,scanme.nmap.org,282,CLOSED
2026-05-04 12:18:00,scanme.nmap.org,650,CLOSED
2026-05-04 12:18:00,scanme.nmap.org,615,CLOSED
2026-05-04 12:18:00,scanme.nmap.org,635,CLOSED
2026-05-04 12:18:00,scanme.nmap.org,625,CLOSED
2026-05-04 12:18:00,scanme.nmap.org,646,CLOSED
2026-05-04 12:18:00,scanme.nmap.org,335,CLOSED
2026-05-04 12:18:00,scanme.nmap.org,628,CLOSED
2026-05-04 12:18:00,scanme.nmap.org,288,CLOSED
2026-05-04 12:18:00,scanme.nmap.org,581,CLOSED
2026-05-04 12:18:00,scanme.nmap.org,299,CLOSED
2026-05-04 12:18:00,scanme.nmap.org,618,CLOSED
2026-05-04 12:18:00,scanme.nmap.org,597,CLOSED
2026-05-04 12:18:00,scanme.nmap.org,571,CLOSED
2026-05-04 12:18:00,scanme.nmap.org,617,CLOSED
2026-05-04 12:18:00,scanme.nmap.org,614,CLOSED
2026-05-04 12:18:00,scanme.nmap.org,634,CLOSED
2026-05-04 12:18:00,scanme.nmap.org,478,CLOSED
2026-05-04 12:18:00,scanme.nmap.org,385,CLOSED
2026-05-04 12:18:00,scanme.nmap.org,589,CLOSED
2026-05-04 12:18:00,scanme.nmap.org,643,CLOSED
2026-05-04 12:18:00,scanme.nmap.org,464,CLOSED
2026-05-04 12:18:00,scanme.nmap.org,421,CLOSED
2026-05-04 12:18:00,scanme.nmap.org,27,CLOSED
2026-05-04 12:18:00,scanme.nmap.org,649,CLOSED
2026-05-04 12:18:00,scanme.nmap.org,89,CLOSED
2026-05-04 12:18:00,scanme.nmap.org,594,CLOSED
2026-05-04 12:18:00,scanme.nmap.org,422,CLOSED
2026-05-04 12:18:00,scanme.nmap.org,20,CLOSED
2026-05-04 12:18:00,scanme.nmap.org,68,CLOSED
2026-05-04 12:18:00,scanme.nmap.org,120,CLOSED
2026-05-04 12:18:00,scanme.nmap.org,184,CLOSED
2026-05-04 12:18:00,scanme.nmap.org,380,CLOSED
2026-05-04 12:18:00,scanme.nmap.org,541,CLOSED
2026-05-04 12:18:00,scanme.nmap.org,537,CLOSED
2026-05-04 12:18:00,scanme.nmap.org,455,CLOSED
2026-05-04 12:18:00,scanme.nmap.org,77,CLOSED
2026-05-04 12:18:00,scanme.nmap.org,98,CLOSED
2026-05-04 12:18:00,scanme.nmap.org,106,CLOSED
2026-05-04 12:18:00,scanme.nmap.org,125,CLOSED
2026-05-04 12:18:00,scanme.nmap.org,46,CLOSED
2026-05-04 12:18:00,scanme.nmap.org,689,CLOSED
2026-05-04 12:18:00,scanme.nmap.org,693,CLOSED
2026-05-04 12:18:00,scanme.nmap.org,166,CLOSED
2026-05-04 12:18:00,scanme.nmap.org,698,CLOSED
2026-05-04 12:18:00,scanme.nmap.org,706,CLOSED
2026-05-04 12:18:00,scanme.nmap.org,697,CLOSED
2026-05-04 12:18:00,scanme.nmap.org,709,CLOSED
2026-05-04 12:18:00,scanme.nmap.org,692,CLOSED
2026-05-04 12:18:00,scanme.nmap.org,712,CLOSED
2026-05-04 12:18:00,scanme.nmap.org,702,CLOSED
2026-05-04 12:18:00,scanme.nmap.org,718,CLOSED
2026-05-04 12:18:00,scanme.nmap.org,703,CLOSED
2026-05-04 12:18:00,scanme.nmap.org,384,CLOSED
2026-05-04 12:18:00,scanme.nmap.org,734,CLOSED
2026-05-04 12:18:00,scanme.nmap.org,725,CLOSED
2026-05-04 12:18:00,scanme.nmap.org,730,CLOSED
2026-05-04 12:18:00,scanme.nmap.org,738,CLOSED
2026-05-04 12:18:00,scanme.nmap.org,745,CLOSED
2026-05-04 12:18:00,scanme.nmap.org,740,CLOSED
2026-05-04 12:18:00,scanme.nmap.org,746,CLOSED
2026-05-04 12:18:00,scanme.nmap.org,728,CLOSED
2026-05-04 12:18:00,scanme.nmap.org,769,CLOSED
2026-05-04 12:18:00,scanme.nmap.org,753,CLOSED
2026-05-04 12:18:00,scanme.nmap.org,758,CLOSED
2026-05-04 12:18:00,scanme.nmap.org,774,CLOSED
2026-05-04 12:18:00,scanme.nmap.org,760,CLOSED
2026-05-04 12:18:00,scanme.nmap.org,766,CLOSED
2026-05-04 12:18:00,scanme.nmap.org,776,CLOSED
2026-05-04 12:18:00,scanme.nmap.org,780,CLOSED
2026-05-04 12:18:00,scanme.nmap.org,797,CLOSED
2026-05-04 12:18:00,scanme.nmap.org,782,CLOSED
2026-05-04 12:18:00,scanme.nmap.org,794,CLOSED
2026-05-04 12:18:00,scanme.nmap.org,786,CLOSED
2026-05-04 12:18:00,scanme.nmap.org,798,CLOSED
2026-05-04 12:18:00,scanme.nmap.org,789,CLOSED
2026-05-04 12:18:00,scanme.nmap.org,804,CLOSED
2026-05-04 12:18:00,scanme.nmap.org,808,CLOSED
2026-05-04 12:18:00,scanme.nmap.org,812,CLOSED
2026-05-04 12:18:00,scanme.nmap.org,818,CLOSED
2026-05-04 12:18:00,scanme.nmap.org,822,CLOSED
2026-05-04 12:18:00,scanme.nmap.org,827,CLOSED
2026-05-04 12:18:00,scanme.nmap.org,832,CLOSED
2026-05-04 12:18:00,scanme.nmap.org,842,CLOSED
2026-05-04 12:18:00,scanme.nmap.org,837,CLOSED
2026-05-04 12:18:00,scanme.nmap.org,849,CLOSED
2026-05-04 12:18:00,scanme.nmap.org,845,CLOSED
2026-05-04 12:18:00,scanme.nmap.org,861,CLOSED
2026-05-04 12:18:00,scanme.nmap.org,855,CLOSED
2026-05-04 12:18:00,scanme.nmap.org,867,CLOSED
2026-05-04 12:18:00,scanme.nmap.org,880,CLOSED
2026-05-04 12:18:00,scanme.nmap.org,872,CLOSED
2026-05-04 12:18:00,scanme.nmap.org,876,CLOSED
2026-05-04 12:18:00,scanme.nmap.org,870,CLOSED
2026-05-04 12:18:00,scanme.nmap.org,885,CLOSED
2026-05-04 12:18:00,scanme.nmap.org,894,CLOSED
2026-05-04 12:18:00,scanme.nmap.org,902,CLOSED
2026-05-04 12:18:00,scanme.nmap.org,898,CLOSED
2026-05-04 12:18:00,scanme.nmap.org,907,CLOSED
2026-05-04 12:18:00,scanme.nmap.org,914,CLOSED
2026-05-04 12:18:00,scanme.nmap.org,919,CLOSED
2026-05-04 12:18:00,scanme.nmap.org,936,CLOSED
2026-05-04 12:18:00,scanme.nmap.org,926,CLOSED
2026-05-04 12:18:00,scanme.nmap.org,929,CLOSED
2026-05-04 12:18:00,scanme.nmap.org,942,CLOSED
2026-05-04 12:18:00,scanme.nmap.org,948,CLOSED
2026-05-04 12:18:00,scanme.nmap.org,954,CLOSED
2026-05-04 12:18:00,scanme.nmap.org,960,CLOSED
2026-05-04 12:18:00,scanme.nmap.org,971,CLOSED
2026-05-04 12:18:00,scanme.nmap.org,964,CLOSED
2026-05-04 12:18:00,scanme.nmap.org,972,CLOSED
2026-05-04 12:18:00,scanme.nmap.org,968,CLOSED
2026-05-04 12:18:00,scanme.nmap.org,980,CLOSED
2026-05-04 12:18:00,scanme.nmap.org,985,CLOSED
2026-05-04 12:18:00,scanme.nmap.org,984,CLOSED
2026-05-04 12:18:00,scanme.nmap.org,993,CLOSED
2026-05-04 12:18:00,scanme.nmap.org,1010,CLOSED
2026-05-04 12:18:00,scanme.nmap.org,998,CLOSED
2026-05-04 12:18:00,scanme.nmap.org,1004,CLOSED
2026-05-04 12:18:00,scanme.nmap.org,556,CLOSED
2026-05-04 12:18:00,scanme.nmap.org,1016,CLOSED
2026-05-04 12:18:00,scanme.nmap.org,185,CLOSED
2026-05-04 12:18:00,scanme.nmap.org,174,CLOSED
2026-05-04 12:18:00,scanme.nmap.org,160,CLOSED
2026-05-04 12:18:00,scanme.nmap.org,1021,CLOSED
2026-05-04 12:18:00,scanme.nmap.org,181,CLOSED
2026-05-04 12:18:00,scanme.nmap.org,189,CLOSED
2026-05-04 12:18:00,scanme.nmap.org,535,CLOSED
2026-05-04 12:18:00,scanme.nmap.org,550,CLOSED
2026-05-04 12:18:00,scanme.nmap.org,555,CLOSED
2026-05-04 12:18:00,scanme.nmap.org,172,CLOSED
2026-05-04 12:18:00,scanme.nmap.org,169,CLOSED
2026-05-04 12:18:00,scanme.nmap.org,546,CLOSED
2026-05-04 12:18:00,scanme.nmap.org,473,CLOSED
2026-05-04 12:18:00,scanme.nmap.org,533,CLOSED
2026-05-04 12:18:00,scanme.nmap.org,147,CLOSED
2026-05-04 12:18:00,scanme.nmap.org,137,CLOSED
2026-05-04 12:18:00,scanme.nmap.org,528,CLOSED
2026-05-04 12:18:00,scanme.nmap.org,117,CLOSED
2026-05-04 12:18:00,scanme.nmap.org,460,CLOSED
2026-05-04 12:18:00,scanme.nmap.org,522,CLOSED
2026-05-04 12:18:00,scanme.nmap.org,126,CLOSED
2026-05-04 12:18:00,scanme.nmap.org,543,CLOSED
2026-05-04 12:18:00,scanme.nmap.org,96,CLOSED
2026-05-04 12:18:00,scanme.nmap.org,516,CLOSED
2026-05-04 12:18:00,scanme.nmap.org,157,CLOSED
2026-05-04 12:18:00,scanme.nmap.org,149,CLOSED
2026-05-04 12:18:00,scanme.nmap.org,152,CLOSED
2026-05-04 12:18:00,scanme.nmap.org,118,CLOSED
2026-05-04 12:18:00,scanme.nmap.org,129,CLOSED
2026-05-04 12:18:00,scanme.nmap.org,110,CLOSED
2026-05-04 12:18:00,scanme.nmap.org,101,CLOSED
2026-05-04 12:18:00,scanme.nmap.org,88,CLOSED
2026-05-04 12:18:00,scanme.nmap.org,69,CLOSED
2026-05-04 12:18:00,scanme.nmap.org,114,CLOSED
2026-05-04 12:18:00,scanme.nmap.org,60,CLOSED
2026-05-04 12:18:00,scanme.nmap.org,79,CLOSED
2026-05-04 12:18:00,scanme.nmap.org,498,CLOSED
2026-05-04 12:18:00,scanme.nmap.org,73,CLOSED
2026-05-04 12:18:00,scanme.nmap.org,521,CLOSED
2026-05-04 12:18:00,scanme.nmap.org,502,CLOSED
2026-05-04 12:18:00,scanme.nmap.org,64,CLOSED
2026-05-04 12:18:00,scanme.nmap.org,92,CLOSED
2026-05-04 12:18:00,scanme.nmap.org,21,CLOSED
2026-05-04 12:18:00,scanme.nmap.org,33,CLOSED
2026-05-04 12:18:00,scanme.nmap.org,78,CLOSED
2026-05-04 12:18:00,scanme.nmap.org,58,CLOSED
2026-05-04 12:18:00,scanme.nmap.org,84,CLOSED
2026-05-04 12:18:00,scanme.nmap.org,52,CLOSED
2026-05-04 12:18:00,scanme.nmap.org,506,CLOSED
2026-05-04 12:18:00,scanme.nmap.org,48,CLOSED
2026-05-04 12:18:00,scanme.nmap.org,13,CLOSED
2026-05-04 12:18:00,scanme.nmap.org,22,CLOSED
2026-05-04 12:18:00,scanme.nmap.org,681,CLOSED
2026-05-04 12:18:00,scanme.nmap.org,9,CLOSED
2026-05-04 12:18:00,scanme.nmap.org,19,CLOSED
2026-05-04 12:18:00,scanme.nmap.org,446,CLOSED
2026-05-04 12:18:00,scanme.nmap.org,90,CLOSED
2026-05-04 12:18:00,scanme.nmap.org,465,CLOSED
2026-05-04 12:18:00,scanme.nmap.org,454,CLOSED
2026-05-04 12:18:00,scanme.nmap.org,433,CLOSED
2026-05-04 12:18:00,scanme.nmap.org,672,CLOSED
2026-05-04 12:18:00,scanme.nmap.org,25,CLOSED
2026-05-04 12:18:00,scanme.nmap.org,426,CLOSED
2026-05-04 12:18:00,scanme.nmap.org,18,CLOSED
2026-05-04 12:18:00,scanme.nmap.org,563,CLOSED
2026-05-04 12:18:00,scanme.nmap.org,448,CLOSED
2026-05-04 12:18:00,scanme.nmap.org,361,CLOSED
2026-05-04 12:18:00,scanme.nmap.org,194,CLOSED
2026-05-04 12:18:00,scanme.nmap.org,451,CLOSED
2026-05-04 12:18:00,scanme.nmap.org,74,CLOSED
2026-05-04 12:18:00,scanme.nmap.org,462,CLOSED
2026-05-04 12:18:00,scanme.nmap.org,12,CLOSED
2026-05-04 12:18:00,scanme.nmap.org,400,CLOSED
2026-05-04 12:18:00,scanme.nmap.org,561,CLOSED
2026-05-04 12:18:00,scanme.nmap.org,67,CLOSED
2026-05-04 12:18:00,scanme.nmap.org,682,CLOSED
2026-05-04 12:18:00,scanme.nmap.org,784,CLOSED
2026-05-04 12:18:00,scanme.nmap.org,389,CLOSED
2026-05-04 12:18:00,scanme.nmap.org,417,CLOSED
2026-05-04 12:18:00,scanme.nmap.org,337,CLOSED
2026-05-04 12:18:00,scanme.nmap.org,406,CLOSED
2026-05-04 12:18:00,scanme.nmap.org,392,CLOSED
2026-05-04 12:18:00,scanme.nmap.org,369,CLOSED
2026-05-04 12:18:00,scanme.nmap.org,356,CLOSED
2026-05-04 12:18:00,scanme.nmap.org,418,CLOSED
2026-05-04 12:18:00,scanme.nmap.org,379,CLOSED
2026-05-04 12:18:00,scanme.nmap.org,569,CLOSED
2026-05-04 12:18:00,scanme.nmap.org,362,CLOSED
2026-05-04 12:18:00,scanme.nmap.org,307,CLOSED
2026-05-04 12:18:00,scanme.nmap.org,398,CLOSED
2026-05-04 12:18:00,scanme.nmap.org,357,CLOSED
2026-05-04 12:18:00,scanme.nmap.org,336,CLOSED
2026-05-04 12:18:00,scanme.nmap.org,297,CLOSED
2026-05-04 12:18:00,scanme.nmap.org,852,CLOSED
2026-05-04 12:18:00,scanme.nmap.org,567,CLOSED
2026-05-04 12:18:00,scanme.nmap.org,372,CLOSED
2026-05-04 12:18:00,scanme.nmap.org,308,CLOSED
2026-05-04 12:18:00,scanme.nmap.org,318,CLOSED
2026-05-04 12:18:00,scanme.nmap.org,280,CLOSED
2026-05-04 12:18:00,scanme.nmap.org,678,CLOSED
2026-05-04 12:18:00,scanme.nmap.org,315,CLOSED
2026-05-04 12:18:00,scanme.nmap.org,394,CLOSED
2026-05-04 12:18:00,scanme.nmap.org,349,CLOSED
2026-05-04 12:18:00,scanme.nmap.org,284,CLOSED
2026-05-04 12:18:00,scanme.nmap.org,345,CLOSED
2026-05-04 12:18:00,scanme.nmap.org,377,CLOSED
2026-05-04 12:18:00,scanme.nmap.org,355,CLOSED
2026-05-04 12:18:00,scanme.nmap.org,568,CLOSED
2026-05-04 12:18:00,scanme.nmap.org,289,CLOSED
2026-05-04 12:18:00,scanme.nmap.org,592,CLOSED
2026-05-04 12:18:00,scanme.nmap.org,262,CLOSED
2026-05-04 12:18:00,scanme.nmap.org,624,CLOSED
2026-05-04 12:18:00,scanme.nmap.org,576,CLOSED
2026-05-04 12:18:00,scanme.nmap.org,331,CLOSED
2026-05-04 12:18:00,scanme.nmap.org,294,CLOSED
2026-05-04 12:18:00,scanme.nmap.org,253,CLOSED
2026-05-04 12:18:00,scanme.nmap.org,270,CLOSED
2026-05-04 12:18:00,scanme.nmap.org,202,CLOSED
2026-05-04 12:18:00,scanme.nmap.org,225,CLOSED
2026-05-04 12:18:00,scanme.nmap.org,667,CLOSED
2026-05-04 12:18:00,scanme.nmap.org,239,CLOSED
2026-05-04 12:18:00,scanme.nmap.org,246,CLOSED
2026-05-04 12:18:00,scanme.nmap.org,265,CLOSED
2026-05-04 12:18:00,scanme.nmap.org,250,CLOSED
2026-05-04 12:18:00,scanme.nmap.org,193,CLOSED
2026-05-04 12:18:00,scanme.nmap.org,661,CLOSED
2026-05-04 12:18:00,scanme.nmap.org,268,CLOSED
2026-05-04 12:18:00,scanme.nmap.org,224,CLOSED
2026-05-04 12:18:00,scanme.nmap.org,243,CLOSED
2026-05-04 12:18:00,scanme.nmap.org,348,CLOSED
2026-05-04 12:18:00,scanme.nmap.org,598,CLOSED
2026-05-04 12:18:00,scanme.nmap.org,277,CLOSED
2026-05-04 12:18:00,scanme.nmap.org,211,CLOSED
2026-05-04 12:18:00,scanme.nmap.org,663,CLOSED
2026-05-04 12:18:00,scanme.nmap.org,658,CLOSED
2026-05-04 12:18:00,scanme.nmap.org,483,CLOSED
2026-05-04 12:18:00,scanme.nmap.org,237,CLOSED
2026-05-04 12:18:00,scanme.nmap.org,612,CLOSED
2026-05-04 12:18:00,scanme.nmap.org,258,CLOSED
2026-05-04 12:18:00,scanme.nmap.org,259,CLOSED
2026-05-04 12:18:00,scanme.nmap.org,622,CLOSED
2026-05-04 12:18:00,scanme.nmap.org,192,CLOSED
2026-05-04 12:18:00,scanme.nmap.org,630,CLOSED
2026-05-04 12:18:00,scanme.nmap.org,603,CLOSED
2026-05-04 12:18:00,scanme.nmap.org,645,CLOSED
2026-05-04 12:18:00,scanme.nmap.org,633,CLOSED
2026-05-04 12:18:00,scanme.nmap.org,586,CLOSED
2026-05-04 12:18:00,scanme.nmap.org,215,CLOSED
2026-05-04 12:18:00,scanme.nmap.org,654,CLOSED
2026-05-04 12:18:00,scanme.nmap.org,83,CLOSED
2026-05-04 12:18:00,scanme.nmap.org,619,CLOSED
2026-05-04 12:18:00,scanme.nmap.org,605,CLOSED
2026-05-04 12:18:00,scanme.nmap.org,641,CLOSED
2026-05-04 12:18:00,scanme.nmap.org,1,CLOSED
2026-05-04 12:18:00,scanme.nmap.org,38,CLOSED
2026-05-04 12:18:00,scanme.nmap.org,587,CLOSED
2026-05-04 12:18:00,scanme.nmap.org,59,CLOSED
2026-05-04 12:18:00,scanme.nmap.org,680,CLOSED
2026-05-04 12:18:00,scanme.nmap.org,197,CLOSED
2026-05-04 12:18:00,scanme.nmap.org,669,CLOSED
2026-05-04 12:18:00,scanme.nmap.org,435,CLOSED
2026-05-04 12:18:00,scanme.nmap.org,626,CLOSED
2026-05-04 12:18:00,scanme.nmap.org,582,CLOSED
2026-05-04 12:18:00,scanme.nmap.org,300,CLOSED
2026-05-04 12:18:00,scanme.nmap.org,217,CLOSED
2026-05-04 12:18:00,scanme.nmap.org,636,CLOSED
2026-05-04 12:18:00,scanme.nmap.org,701,CLOSED
2026-05-04 12:18:00,scanme.nmap.org,540,CLOSED
2026-05-04 12:18:00,scanme.nmap.org,982,CLOSED
2026-05-04 12:18:00,scanme.nmap.org,532,CLOSED
2026-05-04 12:18:00,scanme.nmap.org,695,CLOSED
2026-05-04 12:18:00,scanme.nmap.org,620,CLOSED
2026-05-04 12:18:00,scanme.nmap.org,700,CLOSED
2026-05-04 12:18:00,scanme.nmap.org,613,CLOSED
2026-05-04 12:18:00,scanme.nmap.org,109,CLOSED
2026-05-04 12:18:00,scanme.nmap.org,601,CLOSED
2026-05-04 12:18:00,scanme.nmap.org,694,CLOSED
2026-05-04 12:18:00,scanme.nmap.org,198,CLOSED
2026-05-04 12:18:00,scanme.nmap.org,178,CLOSED
2026-05-04 12:18:00,scanme.nmap.org,714,CLOSED
2026-05-04 12:18:00,scanme.nmap.org,350,CLOSED
2026-05-04 12:18:00,scanme.nmap.org,724,CLOSED
2026-05-04 12:18:00,scanme.nmap.org,710,CLOSED
2026-05-04 12:18:00,scanme.nmap.org,721,CLOSED
2026-05-04 12:18:00,scanme.nmap.org,737,CLOSED
2026-05-04 12:18:00,scanme.nmap.org,741,CLOSED
2026-05-04 12:18:00,scanme.nmap.org,750,CLOSED
2026-05-04 12:18:00,scanme.nmap.org,761,CLOSED
2026-05-04 12:18:00,scanme.nmap.org,748,CLOSED
2026-05-04 12:18:00,scanme.nmap.org,777,CLOSED
2026-05-04 12:18:00,scanme.nmap.org,765,CLOSED
2026-05-04 12:18:00,scanme.nmap.org,790,CLOSED
2026-05-04 12:18:00,scanme.nmap.org,805,CLOSED
2026-05-04 12:18:00,scanme.nmap.org,785,CLOSED
2026-05-04 12:18:00,scanme.nmap.org,815,CLOSED
2026-05-04 12:18:00,scanme.nmap.org,800,CLOSED
2026-05-04 12:18:00,scanme.nmap.org,824,CLOSED
2026-05-04 12:18:00,scanme.nmap.org,851,CLOSED
2026-05-04 12:18:00,scanme.nmap.org,830,CLOSED
2026-05-04 12:18:00,scanme.nmap.org,841,CLOSED
2026-05-04 12:18:00,scanme.nmap.org,828,CLOSED
2026-05-04 12:18:00,scanme.nmap.org,854,CLOSED
2026-05-04 12:18:00,scanme.nmap.org,860,CLOSED
2026-05-04 12:18:00,scanme.nmap.org,866,CLOSED
2026-05-04 12:18:00,scanme.nmap.org,874,CLOSED
2026-05-04 12:18:00,scanme.nmap.org,882,CLOSED
2026-05-04 12:18:00,scanme.nmap.org,889,CLOSED
2026-05-04 12:18:00,scanme.nmap.org,901,CLOSED
2026-05-04 12:18:00,scanme.nmap.org,888,CLOSED
2026-05-04 12:18:00,scanme.nmap.org,908,CLOSED
2026-05-04 12:18:00,scanme.nmap.org,911,CLOSED
2026-05-04 12:18:00,scanme.nmap.org,916,CLOSED
2026-05-04 12:18:00,scanme.nmap.org,931,CLOSED
2026-05-04 12:18:00,scanme.nmap.org,966,CLOSED
2026-05-04 12:18:00,scanme.nmap.org,959,CLOSED
2026-05-04 12:18:00,scanme.nmap.org,941,CLOSED
2026-05-04 12:18:00,scanme.nmap.org,934,CLOSED
2026-05-04 12:18:00,scanme.nmap.org,947,CLOSED
2026-05-04 12:18:00,scanme.nmap.org,978,CLOSED
2026-05-04 12:18:00,scanme.nmap.org,956,CLOSED
2026-05-04 12:18:00,scanme.nmap.org,967,CLOSED
2026-05-04 12:18:00,scanme.nmap.org,1001,CLOSED
2026-05-04 12:18:00,scanme.nmap.org,977,CLOSED
2026-05-04 12:18:00,scanme.nmap.org,989,CLOSED
2026-05-04 12:18:00,scanme.nmap.org,994,CLOSED
2026-05-04 12:18:00,scanme.nmap.org,1018,CLOSED
2026-05-04 12:18:00,scanme.nmap.org,442,CLOSED
2026-05-04 12:18:00,scanme.nmap.org,1005,CLOSED
2026-05-04 12:18:00,scanme.nmap.org,139,CLOSED
2026-05-04 12:18:00,scanme.nmap.org,557,CLOSED
2026-05-04 12:18:00,scanme.nmap.org,168,CLOSED
2026-05-04 12:18:00,scanme.nmap.org,31,CLOSED
2026-05-04 12:18:00,scanme.nmap.org,135,CLOSED
2026-05-04 12:18:00,scanme.nmap.org,474,CLOSED
2026-05-04 12:18:00,scanme.nmap.org,1013,CLOSED
2026-05-04 12:18:00,scanme.nmap.org,491,CLOSED
2026-05-04 12:18:00,scanme.nmap.org,72,CLOSED
2026-05-04 12:18:00,scanme.nmap.org,524,CLOSED
2026-05-04 12:18:00,scanme.nmap.org,161,CLOSED
2026-05-04 12:18:00,scanme.nmap.org,497,CLOSED
2026-05-04 12:18:00,scanme.nmap.org,102,CLOSED
2026-05-04 12:18:00,scanme.nmap.org,527,CLOSED
2026-05-04 12:18:00,scanme.nmap.org,1020,CLOSED
2026-05-04 12:18:00,scanme.nmap.org,551,CLOSED
2026-05-04 12:18:00,scanme.nmap.org,39,CLOSED
2026-05-04 12:18:00,scanme.nmap.org,62,CLOSED
2026-05-04 12:18:00,scanme.nmap.org,36,CLOSED
2026-05-04 12:18:00,scanme.nmap.org,7,CLOSED
2026-05-04 12:18:00,scanme.nmap.org,685,CLOSED
2026-05-04 12:18:00,scanme.nmap.org,3,CLOSED
2026-05-04 12:18:00,scanme.nmap.org,503,CLOSED
2026-05-04 12:18:00,scanme.nmap.org,143,CLOSED
2026-05-04 12:18:00,scanme.nmap.org,183,CLOSED
2026-05-04 12:18:00,scanme.nmap.org,127,CLOSED
2026-05-04 12:18:00,scanme.nmap.org,108,CLOSED
2026-05-04 12:18:00,scanme.nmap.org,539,CLOSED
2026-05-04 12:18:00,scanme.nmap.org,517,CLOSED
2026-05-04 12:18:00,scanme.nmap.org,334,CLOSED
2026-05-04 12:18:00,scanme.nmap.org,432,CLOSED
2026-05-04 12:18:00,scanme.nmap.org,54,CLOSED
2026-05-04 12:18:00,scanme.nmap.org,437,CLOSED
2026-05-04 12:18:00,scanme.nmap.org,388,CLOSED
2026-05-04 12:18:00,scanme.nmap.org,316,CLOSED
2026-05-04 12:18:00,scanme.nmap.org,28,CLOSED
2026-05-04 12:18:00,scanme.nmap.org,562,CLOSED
2026-05-04 12:18:00,scanme.nmap.org,8,CLOSED
2026-05-04 12:18:00,scanme.nmap.org,373,CLOSED
2026-05-04 12:18:00,scanme.nmap.org,459,CLOSED
2026-05-04 12:18:00,scanme.nmap.org,353,CLOSED
2026-05-04 12:18:00,scanme.nmap.org,312,CLOSED
2026-05-04 12:18:00,scanme.nmap.org,367,CLOSED
2026-05-04 12:18:00,scanme.nmap.org,687,CLOSED
2026-05-04 12:18:00,scanme.nmap.org,670,CLOSED
2026-05-04 12:18:00,scanme.nmap.org,675,CLOSED
2026-05-04 12:18:00,scanme.nmap.org,352,CLOSED
2026-05-04 12:18:00,scanme.nmap.org,604,CLOSED
2026-05-04 12:18:00,scanme.nmap.org,676,CLOSED
2026-05-04 12:18:00,scanme.nmap.org,382,CLOSED
2026-05-04 12:18:00,scanme.nmap.org,254,CLOSED
2026-05-04 12:18:00,scanme.nmap.org,228,CLOSED
2026-05-04 12:18:00,scanme.nmap.org,203,CLOSED
2026-05-04 12:18:00,scanme.nmap.org,409,CLOSED
2026-05-04 12:18:00,scanme.nmap.org,324,CLOSED
2026-05-04 12:18:00,scanme.nmap.org,508,CLOSED
2026-05-04 12:18:00,scanme.nmap.org,272,CLOSED
2026-05-04 12:18:00,scanme.nmap.org,332,CLOSED
2026-05-04 12:18:00,scanme.nmap.org,570,CLOSED
2026-05-04 12:18:00,scanme.nmap.org,298,CLOSED
2026-05-04 12:18:00,scanme.nmap.org,665,CLOSED
2026-05-04 12:18:00,scanme.nmap.org,255,CLOSED
2026-05-04 12:18:00,scanme.nmap.org,293,CLOSED
2026-05-04 12:18:00,scanme.nmap.org,632,CLOSED
2026-05-04 12:18:00,scanme.nmap.org,666,CLOSED
2026-05-04 12:18:00,scanme.nmap.org,71,CLOSED
2026-05-04 12:18:00,scanme.nmap.org,475,CLOSED
2026-05-04 12:18:00,scanme.nmap.org,238,CLOSED
2026-05-04 12:18:00,scanme.nmap.org,414,CLOSED
2026-05-04 12:18:00,scanme.nmap.org,273,CLOSED
2026-05-04 12:18:00,scanme.nmap.org,607,CLOSED
2026-05-04 12:18:00,scanme.nmap.org,199,CLOSED
2026-05-04 12:18:00,scanme.nmap.org,611,CLOSED
2026-05-04 12:18:00,scanme.nmap.org,621,CLOSED
2026-05-04 12:18:00,scanme.nmap.org,981,CLOSED
2026-05-04 12:18:00,scanme.nmap.org,691,CLOSED
2026-05-04 12:18:00,scanme.nmap.org,204,CLOSED
2026-05-04 12:18:00,scanme.nmap.org,212,CLOSED
2026-05-04 12:18:00,scanme.nmap.org,207,CLOSED
2026-05-04 12:18:00,scanme.nmap.org,610,CLOSED
2026-05-04 12:18:00,scanme.nmap.org,690,CLOSED
2026-05-04 12:18:00,scanme.nmap.org,222,CLOSED
2026-05-04 12:18:00,scanme.nmap.org,565,CLOSED
2026-05-04 12:18:00,scanme.nmap.org,428,CLOSED
2026-05-04 12:18:00,scanme.nmap.org,485,CLOSED
2026-05-04 12:18:00,scanme.nmap.org,131,CLOSED
2026-05-04 12:18:00,scanme.nmap.org,640,CLOSED
2026-05-04 12:18:00,scanme.nmap.org,457,CLOSED
2026-05-04 12:18:00,scanme.nmap.org,627,CLOSED
2026-05-04 12:18:00,scanme.nmap.org,590,CLOSED
2026-05-04 12:18:00,scanme.nmap.org,141,CLOSED
2026-05-04 12:18:00,scanme.nmap.org,716,CLOSED
2026-05-04 12:18:00,scanme.nmap.org,705,CLOSED
2026-05-04 12:18:00,scanme.nmap.org,768,CLOSED
2026-05-04 12:18:00,scanme.nmap.org,796,CLOSED
2026-05-04 12:18:00,scanme.nmap.org,749,CLOSED
2026-05-04 12:18:00,scanme.nmap.org,713,CLOSED
2026-05-04 12:18:00,scanme.nmap.org,742,CLOSED
2026-05-04 12:18:00,scanme.nmap.org,726,CLOSED
2026-05-04 12:18:00,scanme.nmap.org,770,CLOSED
2026-05-04 12:18:00,scanme.nmap.org,788,CLOSED
2026-05-04 12:18:00,scanme.nmap.org,757,CLOSED
2026-05-04 12:18:00,scanme.nmap.org,751,CLOSED
2026-05-04 12:18:00,scanme.nmap.org,773,CLOSED
2026-05-04 12:18:00,scanme.nmap.org,729,CLOSED
2026-05-04 12:18:00,scanme.nmap.org,807,CLOSED
2026-05-04 12:18:00,scanme.nmap.org,820,CLOSED
2026-05-04 12:18:00,scanme.nmap.org,481,CLOSED
2026-05-04 12:18:00,scanme.nmap.org,835,CLOSED
2026-05-04 12:18:00,scanme.nmap.org,838,CLOSED
2026-05-04 12:18:00,scanme.nmap.org,864,CLOSED
2026-05-04 12:18:00,scanme.nmap.org,879,CLOSED
2026-05-04 12:18:00,scanme.nmap.org,871,CLOSED
2026-05-04 12:18:00,scanme.nmap.org,895,CLOSED
2026-05-04 12:18:00,scanme.nmap.org,922,CLOSED
2026-05-04 12:18:00,scanme.nmap.org,904,CLOSED
2026-05-04 12:18:00,scanme.nmap.org,886,CLOSED
2026-05-04 12:18:00,scanme.nmap.org,925,CLOSED
2026-05-04 12:18:00,scanme.nmap.org,935,CLOSED
2026-05-04 12:18:00,scanme.nmap.org,983,CLOSED
2026-05-04 12:18:00,scanme.nmap.org,945,CLOSED
2026-05-04 12:18:00,scanme.nmap.org,953,CLOSED
2026-05-04 12:18:00,scanme.nmap.org,995,CLOSED
2026-05-04 12:18:00,scanme.nmap.org,951,CLOSED
2026-05-04 12:18:00,scanme.nmap.org,158,CLOSED
2026-05-04 12:18:00,scanme.nmap.org,499,CLOSED
2026-05-04 12:18:00,scanme.nmap.org,105,CLOSED
2026-05-04 12:18:00,scanme.nmap.org,85,CLOSED
2026-05-04 12:18:00,scanme.nmap.org,1008,CLOSED
2026-05-04 12:18:00,scanme.nmap.org,23,CLOSED
2026-05-04 12:18:00,scanme.nmap.org,176,CLOSED
2026-05-04 12:18:00,scanme.nmap.org,444,CLOSED
2026-05-04 12:18:00,scanme.nmap.org,45,CLOSED
2026-05-04 12:18:00,scanme.nmap.org,688,CLOSED
2026-05-04 12:18:00,scanme.nmap.org,1011,CLOSED
2026-05-04 12:18:00,scanme.nmap.org,86,CLOSED
2026-05-04 12:18:00,scanme.nmap.org,146,CLOSED
2026-05-04 12:18:00,scanme.nmap.org,674,CLOSED
2026-05-04 12:18:00,scanme.nmap.org,346,CLOSED
2026-05-04 12:18:00,scanme.nmap.org,302,CLOSED
2026-05-04 12:18:00,scanme.nmap.org,364,CLOSED
2026-05-04 12:18:00,scanme.nmap.org,2,CLOSED
2026-05-04 12:18:00,scanme.nmap.org,466,CLOSED
2026-05-04 12:18:00,scanme.nmap.org,15,CLOSED
2026-05-04 12:18:00,scanme.nmap.org,151,CLOSED
2026-05-04 12:18:00,scanme.nmap.org,487,CLOSED
2026-05-04 12:18:00,scanme.nmap.org,94,CLOSED
2026-05-04 12:18:00,scanme.nmap.org,510,CLOSED
2026-05-04 12:18:00,scanme.nmap.org,216,CLOSED
2026-05-04 12:18:00,scanme.nmap.org,303,CLOSED
2026-05-04 12:18:00,scanme.nmap.org,112,CLOSED
2026-05-04 12:18:00,scanme.nmap.org,655,CLOSED
2026-05-04 12:18:00,scanme.nmap.org,1022,CLOSED
2026-05-04 12:18:00,scanme.nmap.org,404,CLOSED
2026-05-04 12:18:00,scanme.nmap.org,287,CLOSED
2026-05-04 12:18:00,scanme.nmap.org,660,CLOSED
2026-05-04 12:18:00,scanme.nmap.org,305,CLOSED
2026-05-04 12:18:00,scanme.nmap.org,642,CLOSED
2026-05-04 12:18:00,scanme.nmap.org,296,CLOSED
2026-05-04 12:18:00,scanme.nmap.org,602,CLOSED
2026-05-04 12:18:00,scanme.nmap.org,360,CLOSED
2026-05-04 12:18:00,scanme.nmap.org,430,CLOSED
2026-05-04 12:18:00,scanme.nmap.org,359,CLOSED
2026-05-04 12:18:00,scanme.nmap.org,231,CLOSED
2026-05-04 12:18:00,scanme.nmap.org,572,CLOSED
2026-05-04 12:18:00,scanme.nmap.org,480,CLOSED
2026-05-04 12:18:00,scanme.nmap.org,722,CLOSED
2026-05-04 12:18:00,scanme.nmap.org,381,CLOSED
2026-05-04 12:18:00,scanme.nmap.org,260,CLOSED
2026-05-04 12:18:00,scanme.nmap.org,616,CLOSED
2026-05-04 12:18:00,scanme.nmap.org,512,CLOSED
2026-05-04 12:18:00,scanme.nmap.org,754,CLOSED
2026-05-04 12:18:00,scanme.nmap.org,708,CLOSED
2026-05-04 12:18:00,scanme.nmap.org,762,CLOSED
2026-05-04 12:18:00,scanme.nmap.org,339,CLOSED
2026-05-04 12:18:00,scanme.nmap.org,24,CLOSED
2026-05-04 12:18:00,scanme.nmap.org,396,CLOSED
2026-05-04 12:18:00,scanme.nmap.org,320,CLOSED
2026-05-04 12:18:00,scanme.nmap.org,704,CLOSED
2026-05-04 12:18:00,scanme.nmap.org,817,CLOSED
2026-05-04 12:18:00,scanme.nmap.org,419,CLOSED
2026-05-04 12:18:00,scanme.nmap.org,764,CLOSED
2026-05-04 12:18:00,scanme.nmap.org,792,CLOSED
2026-05-04 12:18:00,scanme.nmap.org,897,CLOSED
2026-05-04 12:18:00,scanme.nmap.org,778,CLOSED
2026-05-04 12:18:00,scanme.nmap.org,821,CLOSED
2026-05-04 12:18:00,scanme.nmap.org,857,CLOSED
2026-05-04 12:18:00,scanme.nmap.org,834,CLOSED
2026-05-04 12:18:00,scanme.nmap.org,801,CLOSED
2026-05-04 12:18:00,scanme.nmap.org,875,CLOSED
2026-05-04 12:18:00,scanme.nmap.org,831,CLOSED
2026-05-04 12:18:00,scanme.nmap.org,910,CLOSED
2026-05-04 12:18:00,scanme.nmap.org,939,CLOSED
2026-05-04 12:18:00,scanme.nmap.org,1014,CLOSED
2026-05-04 12:18:00,scanme.nmap.org,932,CLOSED
2026-05-04 12:18:00,scanme.nmap.org,987,CLOSED
2026-05-04 12:18:00,scanme.nmap.org,525,CLOSED
2026-05-04 12:18:00,scanme.nmap.org,579,CLOSED
2026-05-04 12:18:00,scanme.nmap.org,1024,CLOSED
2026-05-04 12:18:00,scanme.nmap.org,917,CLOSED
2026-05-04 12:18:00,scanme.nmap.org,957,CLOSED
2026-05-04 12:18:00,scanme.nmap.org,975,CLOSED
2026-05-04 12:18:00,scanme.nmap.org,453,CLOSED
2026-05-04 12:18:00,scanme.nmap.org,997,CLOSED
2026-05-04 12:18:00,scanme.nmap.org,547,CLOSED
2026-05-04 12:18:00,scanme.nmap.org,291,CLOSED
2026-05-04 12:18:00,scanme.nmap.org,519,CLOSED
2026-05-04 12:18:00,scanme.nmap.org,219,CLOSED
2026-05-04 12:18:00,scanme.nmap.org,150,CLOSED
2026-05-04 12:18:00,scanme.nmap.org,65,CLOSED
2026-05-04 12:18:00,scanme.nmap.org,668,CLOSED
2026-05-04 12:18:00,scanme.nmap.org,275,CLOSED
2026-05-04 12:18:00,scanme.nmap.org,326,CLOSED
2026-05-04 12:18:00,scanme.nmap.org,686,CLOSED
2026-05-04 12:18:00,scanme.nmap.org,623,CLOSED
2026-05-04 12:18:00,scanme.nmap.org,683,CLOSED
2026-05-04 12:18:00,scanme.nmap.org,32,CLOSED
2026-05-04 12:18:00,scanme.nmap.org,226,CLOSED
2026-05-04 12:18:00,scanme.nmap.org,342,CLOSED
2026-05-04 12:18:00,scanme.nmap.org,520,CLOSED
2026-05-04 12:18:00,scanme.nmap.org,504,CLOSED
2026-05-04 12:18:00,scanme.nmap.org,311,CLOSED
2026-05-04 12:18:00,scanme.nmap.org,696,CLOSED
2026-05-04 12:18:00,scanme.nmap.org,266,CLOSED
2026-05-04 12:18:00,scanme.nmap.org,171,CLOSED
2026-05-04 12:18:00,scanme.nmap.org,327,CLOSED
2026-05-04 12:18:00,scanme.nmap.org,230,CLOSED
2026-05-04 12:18:00,scanme.nmap.org,736,CLOSED
2026-05-04 12:18:00,scanme.nmap.org,165,CLOSED
2026-05-04 12:18:00,scanme.nmap.org,781,CLOSED
2026-05-04 12:18:00,scanme.nmap.org,825,CLOSED
2026-05-04 12:18:00,scanme.nmap.org,1007,CLOSED
2026-05-04 12:18:00,scanme.nmap.org,868,CLOSED
2026-05-04 12:18:00,scanme.nmap.org,905,CLOSED
2026-05-04 12:18:00,scanme.nmap.org,809,CLOSED
2026-05-04 12:18:00,scanme.nmap.org,134,CLOSED
2026-05-04 12:18:00,scanme.nmap.org,913,CLOSED
2026-05-04 12:18:00,scanme.nmap.org,802,CLOSED
2026-05-04 12:18:00,scanme.nmap.org,839,CLOSED
2026-05-04 12:18:00,scanme.nmap.org,883,CLOSED
2026-05-04 12:18:00,scanme.nmap.org,920,CLOSED
2026-05-04 12:18:00,scanme.nmap.org,471,CLOSED
2026-05-04 12:18:00,scanme.nmap.org,892,CLOSED
2026-05-04 12:18:00,scanme.nmap.org,772,CLOSED
2026-05-04 12:18:00,scanme.nmap.org,950,CLOSED
2026-05-04 12:18:00,scanme.nmap.org,66,CLOSED
2026-05-04 12:18:00,scanme.nmap.org,814,CLOSED
2026-05-04 12:18:00,scanme.nmap.org,974,CLOSED
2026-05-04 12:18:00,scanme.nmap.org,847,CLOSED
2026-05-04 12:18:00,scanme.nmap.org,130,CLOSED
2026-05-04 12:18:00,scanme.nmap.org,412,CLOSED
2026-05-04 12:18:00,scanme.nmap.org,276,CLOSED
2026-05-04 12:18:00,scanme.nmap.org,657,CLOSED
2026-05-04 12:18:00,scanme.nmap.org,793,CLOSED
2026-05-04 12:18:00,scanme.nmap.org,500,CLOSED
2026-05-04 12:18:00,scanme.nmap.org,962,CLOSED
2026-05-04 12:18:00,scanme.nmap.org,756,CLOSED
2026-05-04 12:18:00,scanme.nmap.org,991,CLOSED
2026-05-04 12:18:00,scanme.nmap.org,944,CLOSED
2026-05-04 12:18:00,scanme.nmap.org,518,CLOSED
2026-05-04 12:18:00,scanme.nmap.org,591,CLOSED
2026-05-04 12:18:00,scanme.nmap.org,878,CLOSED
2026-05-04 12:18:00,scanme.nmap.org,970,CLOSED
2026-05-04 12:18:00,scanme.nmap.org,482,CLOSED
2026-05-04 12:18:00,scanme.nmap.org,647,CLOSED
2026-05-04 12:18:00,scanme.nmap.org,662,CLOSED
2026-05-04 12:18:00,scanme.nmap.org,732,CLOSED
2026-05-04 12:18:00,scanme.nmap.org,609,CLOSED
2026-05-04 12:18:00,scanme.nmap.org,848,CLOSED
2026-05-04 12:18:00,scanme.nmap.org,553,CLOSED
2026-05-04 12:18:00,scanme.nmap.org,938,CLOSED
2026-05-04 12:18:00,scanme.nmap.org,1017,CLOSED
2026-05-04 12:18:00,scanme.nmap.org,923,CLOSED
2026-05-04 12:18:00,scanme.nmap.org,1002,CLOSED
2026-05-04 12:18:00,scanme.nmap.org,988,CLOSED
2026-05-04 12:18:00,scanme.nmap.org,744,CLOSED
2026-05-04 12:18:00,scanme.nmap.org,963,CLOSED
2026-05-04 12:18:00,scanme.nmap.org,699,CLOSED
2026-05-04 12:18:00,scanme.nmap.org,900,CLOSED
2026-05-04 12:18:00,scanme.nmap.org,844,CLOSED
2026-05-04 12:18:00,scanme.nmap.org,434,CLOSED
2026-05-04 12:18:00,scanme.nmap.org,733,CLOSED
2026-05-04 12:18:00,scanme.nmap.org,423,CLOSED
2026-05-04 12:18:00,scanme.nmap.org,720,CLOSED
2026-05-04 12:18:00,scanme.nmap.org,595,CLOSED
2026-05-04 12:18:00,scanme.nmap.org,811,CLOSED
2026-05-04 12:18:00,scanme.nmap.org,859,CLOSED
2026-05-04 12:18:00,scanme.nmap.org,928,CLOSED
2026-05-04 12:18:00,scanme.nmap.org,863,CLOSED
